metric,mean,std
accuracy,0.9880485029514259,0.0
confusion_matrix,"[[830822.0, 9051.0], [1032.0, 2755.0]]","[[0.0, 0.0], [0.0, 0.0]]"
f1,0.3533636888347335,0.0
f1_per_class,"[0.9939685128014323, 0.3533636888347335]","[0.0, 0.0]"
precision_macro,0.6160576592005227,0.0
precision_per_class,"[0.9987593976827664, 0.23335592071827885]","[0.0, 0.0]"
recall_macro,0.8583560740363184,0.0
recall_per_class,"[0.9892233706762809, 0.727488777396356]","[0.0, 0.0]"
test_loss,0.0009673697059042752,0.0
