metric,mean,std
accuracy,0.6868484699863443,0.0
confusion_matrix,"[[568860.0, 259253.0], [1254.0, 2521.0]]","[[0.0, 0.0], [0.0, 0.0]]"
f1,0.018987079597362445,0.0
f1_per_class,"[0.8136876201074646, 0.018987079597362445]","[0.0, 0.0]"
precision_macro,0.5037154422469926,0.0
precision_per_class,"[0.9978004399120176, 0.009630444581967651]","[0.0, 0.0]"
recall_macro,0.6773749033178542,0.0
recall_per_class,"[0.6869352370992847, 0.6678145695364238]","[0.0, 0.0]"
test_loss,0.9809423685073853,0.0
