metric,mean,std
accuracy,0.9906594340080579,0.0
confusion_matrix,"[[813768.0, 6503.0], [1194.0, 2575.0]]","[[0.0, 0.0], [0.0, 0.0]]"
f1,0.4008717988635479,0.0
f1_per_class,"[0.9952930255199106, 0.4008717988635479]","[0.0, 0.0]"
precision_macro,0.6410938439856346,0.0
precision_per_class,"[0.9985349010137896, 0.28365278695747964]","[0.0, 0.0]"
recall_macro,0.8376386132240847,0.0
recall_per_class,"[0.9920721322587291, 0.6832050941894402]","[0.0, 0.0]"
test_loss,0.0011131672654300928,0.0
