metric,mean,std
accuracy,0.9717028299597107,0.0
confusion_matrix,"[[798030.0, 22241.0], [1077.0, 2692.0]]","[[0.0, 0.0], [0.0, 0.0]]"
f1,0.18758274684690962,0.0
f1_per_class,"[0.9856006441979575, 0.18758274684690962]","[0.0, 0.0]"
precision_macro,0.5533108017241163,0.0
precision_per_class,"[0.9986522455691166, 0.10796935787911603]","[0.0, 0.0]"
recall_macro,0.8435668006372254,0.0
recall_per_class,"[0.9728857901839758, 0.714247811090475]","[0.0, 0.0]"
test_loss,0.9064174890518188,0.0
