metric,mean,std
accuracy,0.9937600116499199,0.0
confusion_matrix,"[[816374.0, 3897.0], [1245.0, 2524.0]]","[[0.0, 0.0], [0.0, 0.0]]"
f1,0.49538763493621196,0.0
f1_per_class,"[0.9968605950338545, 0.49538763493621196]","[0.0, 0.0]"
precision_macro,0.6957812375490342,0.0
precision_per_class,"[0.9984772858752059, 0.3930851892228625]","[0.0, 0.0]"
recall_macro,0.8324613922844197,0.0
recall_per_class,"[0.9952491310798505, 0.6696736534889891]","[0.0, 0.0]"
test_loss,0.27419254183769226,0.0
