metric,mean,std
accuracy,0.9982124654143003,0.0
confusion_matrix,"[[820268.0, 3.0], [1470.0, 2299.0]]","[[0.0, 0.0], [0.0, 0.0]]"
f1,0.7573711085488387,0.0
f1_per_class,"[0.9991029281812707, 0.7573711085488387]","[0.0, 0.0]"
precision_macro,0.9984539470270994,0.0
precision_per_class,"[0.9982111086502024, 0.9986967854039965]","[0.0, 0.0]"
recall_macro,0.804986231829558,0.0
recall_per_class,"[0.9999963426721169, 0.6099761209869992]","[0.0, 0.0]"
test_loss,0.2434687614440918,0.0
