metric,mean,std
accuracy,0.990068374588887,0.0
confusion_matrix,"[[821028.0, 7085.0], [1177.0, 2598.0]]","[[0.0, 0.0], [0.0, 0.0]]"
f1,0.3860900579580918,0.0
f1_per_class,"[0.9949936921247905, 0.3860900579580918]","[0.0, 0.0]"
precision_macro,0.6334368804095715,0.0
precision_per_class,"[0.9985684835290469, 0.26830527729009607]","[0.0, 0.0]"
recall_macro,0.8398281624281321,0.0
recall_per_class,"[0.9914444043264627, 0.6882119205298013]","[0.0, 0.0]"
test_loss,0.001149930409155786,0.0
