metric,mean,std
accuracy,0.9969707460619699,0.0
confusion_matrix,"[[826951.0, 1162.0], [1358.0, 2417.0]]","[[0.0, 0.0], [0.0, 0.0]]"
f1,0.6573293445743813,0.0
f1_per_class,"[0.9984786485569499, 0.6573293445743813]","[0.0, 0.0]"
precision_macro,0.836844409606942,0.0
precision_per_class,"[0.9983605152183544, 0.6753283039955295]","[0.0, 0.0]"
recall_macro,0.8194308552589558,0.0
recall_per_class,"[0.9985968098556598, 0.6402649006622516]","[0.0, 0.0]"
test_loss,0.3435751795768738,0.0
