metric,mean,std
accuracy,0.9879083539633998,0.0
confusion_matrix,"[[811538.0, 8733.0], [1231.0, 2538.0]]","[[0.0, 0.0], [0.0, 0.0]]"
f1,0.3375,0.0
f1_per_class,"[0.9938984960564347, 0.3375]","[0.0, 0.0]"
precision_macro,0.6118325445719724,0.0
precision_per_class,"[0.9984854245179134, 0.2251796646260314]","[0.0, 0.0]"
recall_macro,0.831370842577368,0.0
recall_per_class,"[0.9893535185322899, 0.6733881666224463]","[0.0, 0.0]"
test_loss,0.0012301671085879207,0.0
