metric,mean,std
accuracy,0.9846718605892918,0.0
confusion_matrix,"[[808797.0, 11474.0], [1157.0, 2612.0]]","[[0.0, 0.0], [0.0, 0.0]]"
f1,0.2925791094931392,0.0
f1_per_class,"[0.9922519897560153, 0.2925791094931392]","[0.0, 0.0]"
precision_macro,0.5920019339932253,0.0
precision_per_class,"[0.9985715238149327, 0.18543234417151783]","[0.0, 0.0]"
recall_macro,0.8395169808564316,0.0
recall_per_class,"[0.986011939956429, 0.693022021756434]","[0.0, 0.0]"
test_loss,0.001088922144845128,0.0
