metric,mean,std
accuracy,0.9983398864132809,0.0
confusion_matrix,"[[820267.0, 4.0], [1364.0, 2405.0]]","[[0.0, 0.0], [0.0, 0.0]]"
f1,0.7785691162188411,0.0
f1_per_class,"[0.9991668199441867, 0.7785691162188411]","[0.0, 0.0]"
precision_macro,0.9983397236768801,0.0
precision_per_class,"[0.9983398873703646, 0.9983395599833956]","[0.0, 0.0]"
recall_macro,0.8190477077087129,0.0
recall_per_class,"[0.9999951235628225, 0.6381002918546034]","[0.0, 0.0]"
test_loss,0.011617904528975487,0.0
