metric,mean,std
accuracy,0.9877195007020175,0.0
confusion_matrix,"[[819073.0, 9040.0], [1176.0, 2599.0]]","[[0.0, 0.0], [0.0, 0.0]]"
f1,0.3372258985338004,0.0
f1_per_class,"[0.9938023322546867, 0.3372258985338004]","[0.0, 0.0]"
precision_macro,0.610933629945451,0.0
precision_per_class,"[0.9985662890171155, 0.22330097087378642]","[0.0, 0.0]"
recall_macro,0.8387802182961834,0.0
recall_per_class,"[0.9890836154003138, 0.688476821192053]","[0.0, 0.0]"
test_loss,0.001110025797970593,0.0
